train_loss,epoch,step
0.8159449696540833,0,9
0.4873838722705841,0,19
