train_loss,epoch,step
0.996347188949585,0,9
0.9995984435081482,0,19
1.009735345840454,0,29
1.0255346298217773,0,39
0.9987449049949646,0,49
1.0097789764404297,0,59
0.9962611794471741,0,69
0.9854453802108765,0,79
1.0060734748840332,0,89
0.9988288283348083,0,99
1.008047103881836,0,109
