train_loss,epoch,step
1.006866216659546,0,9
0.9774395227432251,0,19
1.0097990036010742,0,29
1.003035545349121,0,39
