train_loss,epoch,step
3.1861510276794434,0,9
2.6629958152770996,0,19
