train_loss,epoch,step
0.9988133311271667,0,9
1.000579833984375,0,19
1.0125281810760498,0,29
1.0193438529968262,0,39
1.0174217224121094,0,49
0.9899078607559204,0,59
0.9918901920318604,0,69
1.0083322525024414,0,79
0.9990644454956055,0,89
1.0032026767730713,0,99
1.0055646896362305,0,109
