train_loss,epoch,step
3.763089895248413,0,9
3.2477056980133057,0,19
3.407283306121826,0,29
2.992108106613159,0,39
2.361340284347534,0,49
3.226806879043579,0,59
2.8803229331970215,0,69
2.362027883529663,0,79
