train_loss,epoch,step
0.9898611307144165,0,9
1.0348119735717773,0,19
1.0096471309661865,0,29
