train_loss,epoch,step
3.870377540588379,0,9
3.9648501873016357,0,19
3.6483285427093506,0,29
