train_loss,epoch,step
3.9617795944213867,0,9
3.9811646938323975,0,19
3.977871894836426,0,29
3.906456470489502,0,39
4.00916051864624,0,49
3.9905247688293457,0,59
