train_loss,epoch,step
3.6795706748962402,0,9
3.564868927001953,0,19
3.238497257232666,0,29
3.477339029312134,0,39
2.423156261444092,0,49
2.603517770767212,0,59
2.3397586345672607,0,69
