train_loss,epoch,step
0.7584805488586426,0,9
0.704727053642273,0,19
0.4097098112106323,0,29
0.3794795870780945,0,39
0.4346095323562622,0,49
0.30070531368255615,0,59
0.13171644508838654,0,69
0.06963789463043213,0,79
0.08437829464673996,0,89
0.18677762150764465,0,99
