train_loss,epoch,step
4.078909873962402,0,9
4.052886962890625,0,19
3.9994773864746094,0,29
4.025118827819824,0,39
4.025018692016602,0,49
4.0441575050354,0,59
3.9504036903381348,0,69
3.9808413982391357,0,79
3.9343461990356445,0,89
3.948298215866089,0,99
4.007548809051514,0,109
3.8463964462280273,0,119
4.093221664428711,0,129
