train_loss,epoch,step
0.9917895793914795,0,9
1.0001505613327026,0,19
1.0016565322875977,0,29
1.0113940238952637,0,39
0.9741350412368774,0,49
1.0047348737716675,0,59
1.0070555210113525,0,69
0.9942971467971802,0,79
1.0120453834533691,0,89
1.0015568733215332,0,99
0.9959835410118103,0,109
0.9849393963813782,0,119
