train_loss,epoch,step
3.9847543239593506,0,9
4.080401420593262,0,19
4.026785373687744,0,29
4.023773193359375,0,39
3.9871277809143066,0,49
4.023919105529785,0,59
