train_loss,epoch,step
0.998659074306488,0,9
1.0177230834960938,0,19
