train_loss,epoch,step
0.9932564496994019,0,9
0.9944872260093689,0,19
1.0009186267852783,0,29
1.0109343528747559,0,39
0.9993823170661926,0,49
